{"cameraMode":{"drawMode":0,"name":"Shaded","section":"Shading Mode"},"sceneLighting":false,"audioPlay":false,"sceneViewState":{"showFog":true,"showMaterialUpdate":false,"showSkybox":true,"showFlares":true,"showImageEffects":true,"showParticleSystems":true},"in2DMode":false,"pivot":{"x":11.846957206726075,"y":-3.3443803787231447,"z":1.8230979442596436},"rotation":{"x":-0.16962511837482453,"y":0.4105199873447418,"z":-0.07801902294158936,"w":-0.8925321698188782},"size":63.481407165527347,"orthographic":false}