{"cameraMode":{"drawMode":0,"name":"Shaded","section":"Shading Mode"},"sceneLighting":false,"audioPlay":false,"sceneViewState":{"showFog":true,"showMaterialUpdate":false,"showSkybox":true,"showFlares":true,"showImageEffects":true,"showParticleSystems":true},"in2DMode":false,"pivot":{"x":-13.695019721984864,"y":4.976282119750977,"z":-1.5898237228393555},"rotation":{"x":-0.21447499096393586,"y":-0.03634299710392952,"z":0.008003739640116692,"w":-0.976020336151123},"size":11.717466354370118,"orthographic":false}