{"cameraMode":{"drawMode":0,"name":"Shaded","section":"Shading Mode"},"sceneLighting":false,"audioPlay":false,"sceneViewState":{"showFog":true,"showMaterialUpdate":false,"showSkybox":true,"showFlares":true,"showImageEffects":true,"showParticleSystems":true},"in2DMode":false,"pivot":{"x":494.08447265625,"y":54.26695251464844,"z":524.0502319335938},"rotation":{"x":-0.17181076109409333,"y":-0.039611298590898517,"z":0.006914916448295116,"w":-0.9843090176582336},"size":6.563589096069336,"orthographic":false}