{"cameraMode":{"drawMode":0,"name":"Shaded","section":"Shading Mode"},"sceneLighting":false,"audioPlay":false,"sceneViewState":{"showFog":true,"showMaterialUpdate":false,"showSkybox":true,"showFlares":true,"showImageEffects":true,"showParticleSystems":true},"in2DMode":false,"pivot":{"x":492.5245361328125,"y":48.543251037597659,"z":517.7235107421875},"rotation":{"x":-0.17181076109409333,"y":-0.039611298590898517,"z":0.006914916448295116,"w":-0.9843090176582336},"size":6.601210594177246,"orthographic":false}