{"cameraMode":{"drawMode":0,"name":"Shaded","section":"Shading Mode"},"sceneLighting":false,"audioPlay":false,"sceneViewState":{"showFog":true,"showMaterialUpdate":false,"showSkybox":true,"showFlares":true,"showImageEffects":true,"showParticleSystems":true},"in2DMode":false,"pivot":{"x":-0.0002904236316680908,"y":0.8661984801292419,"z":0.04026379436254501},"rotation":{"x":-0.2805353105068207,"y":-0.07737138122320175,"z":0.02270762249827385,"w":-0.9564507603645325},"size":3.7041356563568117,"orthographic":false}