{"cameraMode":{"drawMode":0,"name":"Shaded","section":"Shading Mode"},"sceneLighting":false,"audioPlay":false,"sceneViewState":{"showFog":true,"showMaterialUpdate":false,"showSkybox":true,"showFlares":true,"showImageEffects":true,"showParticleSystems":true},"in2DMode":false,"pivot":{"x":487.72314453125,"y":27.26869773864746,"z":511.1866149902344},"rotation":{"x":-0.17181076109409333,"y":-0.039611298590898517,"z":0.006914916448295116,"w":-0.9843090176582336},"size":6.571772575378418,"orthographic":false}