{"cameraMode":{"drawMode":0,"name":"Shaded","section":"Shading Mode"},"sceneLighting":false,"audioPlay":false,"sceneViewState":{"showFog":true,"showMaterialUpdate":false,"showSkybox":true,"showFlares":true,"showImageEffects":true,"showParticleSystems":true},"in2DMode":false,"pivot":{"x":491.7465515136719,"y":41.474830627441409,"z":512.6058349609375},"rotation":{"x":-0.17181076109409333,"y":-0.039611298590898517,"z":0.006914916448295116,"w":-0.9843090176582336},"size":6.54660701751709,"orthographic":false}