{"cameraMode":{"drawMode":0,"name":"Shaded","section":"Shading Mode"},"sceneLighting":false,"audioPlay":false,"sceneViewState":{"showFog":true,"showMaterialUpdate":false,"showSkybox":true,"showFlares":true,"showImageEffects":true,"showParticleSystems":true},"in2DMode":false,"pivot":{"x":-13.695019721984864,"y":4.976282119750977,"z":-1.5898237228393555},"rotation":{"x":-0.08108529448509217,"y":0.057058464735746387,"z":-0.004632333759218454,"w":-0.9950618743896484},"size":13.371575355529786,"orthographic":false}