{"cameraMode":{"drawMode":0,"name":"Shaded","section":"Shading Mode"},"sceneLighting":false,"audioPlay":false,"sceneViewState":{"showFog":true,"showMaterialUpdate":false,"showSkybox":true,"showFlares":true,"showImageEffects":true,"showParticleSystems":true},"in2DMode":false,"pivot":{"x":-0.0002995729446411133,"y":0.8636153340339661,"z":0.05116577446460724},"rotation":{"x":-0.006888837553560734,"y":-0.9874727725982666,"z":0.15106932818889619,"w":-0.04503558203577995},"size":3.6850264072418215,"orthographic":false}