{"cameraMode":{"drawMode":0,"name":"Shaded","section":"Shading Mode"},"sceneLighting":false,"audioPlay":false,"sceneViewState":{"showFog":true,"showMaterialUpdate":false,"showSkybox":true,"showFlares":true,"showImageEffects":true,"showParticleSystems":true},"in2DMode":false,"pivot":{"x":69.57172393798828,"y":82.98161315917969,"z":4.47247314453125},"rotation":{"x":-0.042267825454473498,"y":-0.03686414659023285,"z":0.001559325959533453,"w":-0.998424768447876},"size":135.64736938476563,"orthographic":false}