{"cameraMode":{"drawMode":0,"name":"Shaded","section":"Shading Mode"},"sceneLighting":false,"audioPlay":false,"sceneViewState":{"showFog":true,"showMaterialUpdate":false,"showSkybox":true,"showFlares":true,"showImageEffects":true,"showParticleSystems":true},"in2DMode":false,"pivot":{"x":-0.10561561584472656,"y":3.505305290222168,"z":11.578187942504883},"rotation":{"x":-0.016895858570933343,"y":-0.8467869162559509,"z":0.026944493874907495,"w":-0.5309807062149048},"size":5.757478713989258,"orthographic":false}