{"cameraMode":{"drawMode":0,"name":"Shaded","section":"Shading Mode"},"sceneLighting":false,"audioPlay":false,"sceneViewState":{"showFog":true,"showMaterialUpdate":false,"showSkybox":true,"showFlares":true,"showImageEffects":true,"showParticleSystems":true},"in2DMode":false,"pivot":{"x":-0.0002904236316680908,"y":0.8836272358894348,"z":0.04215218871831894},"rotation":{"x":-0.006888837553560734,"y":-0.9874727725982666,"z":0.15106932818889619,"w":-0.04503558203577995},"size":3.7541396617889406,"orthographic":false}