{"cameraMode":{"drawMode":0,"name":"Shaded","section":"Shading Mode"},"sceneLighting":false,"audioPlay":false,"sceneViewState":{"showFog":true,"showMaterialUpdate":false,"showSkybox":true,"showFlares":true,"showImageEffects":true,"showParticleSystems":true},"in2DMode":false,"pivot":{"x":-0.0003083944320678711,"y":0.8815609216690064,"z":0.04525596648454666},"rotation":{"x":-0.006888837553560734,"y":-0.9874727725982666,"z":0.15106932818889619,"w":-0.04503558203577995},"size":3.747968912124634,"orthographic":false}