{"cameraMode":{"drawMode":0,"name":"Shaded","section":"Shading Mode"},"sceneLighting":false,"audioPlay":false,"sceneViewState":{"showFog":true,"showMaterialUpdate":false,"showSkybox":true,"showFlares":true,"showImageEffects":true,"showParticleSystems":true},"in2DMode":false,"pivot":{"x":490.34844970703127,"y":59.43523406982422,"z":528.027099609375},"rotation":{"x":-0.17181076109409333,"y":-0.039611298590898517,"z":0.006914916448295116,"w":-0.9843090176582336},"size":6.503259658813477,"orthographic":false}